{"seed": 42, "num_examples": 8, "batch_size": 1, "captions": [[["An elephant in the back of a truck."], ["A man standing on a couch with a laptop."]], [["A person doing a trick on a skateboard."], ["A person walking down a sidewalk with a bag."]], [["A man standing on a tennis court holding a racket."], ["A man standing on a bridge with a tennis ball."]], [["A man standing in a box with a pizza in it."], ["A man sitting on the floor next to a box."]], [["A pair of shoes and a pair of shoes on a table."], ["A pair of scissors and a pair of shoes on a table."]], [["A table with glasses of wine and plates of bread."], ["Three wine glasses sitting on top of a table."]], [["A living room with a table and a couch."], ["A red couch in a bathroom with a sink."]], [["A man sitting at a table with a laptop computer."], ["A man sitting on a bench with a dog and a train."]]], "scores": {"meteor": [[0.7853703279064436, 0.16666666666666666], [0.47908863920099876, 0.3506944444444444], [0.7585268884703913, 0.5698720166032515], [0.4094799210006583, 0.24155844155844156], [0.5555555555555556, 0.5555555555555556], [0.372, 0.2314814814814815], [0.40990755276469565, 0.17094017094017094], [0.5863023175371843, 0.31000000000000005]]}}