{"seed": 42, "corruption_types": ["id", "blur", "noise", "patch", "grayscale"], "scores": {"id": 0.5124805569648743, "blur": 0.5158832669258118, "normal noise": 0.49793949723243713, "uniform noise": 0.5101293325424194, "laplace noise": 0.5025466084480286, "patch": 0.5080942511558533}}