{"seed": 42, "corruption_types": ["id", "blur", "noise", "patch", "grayscale"], "scores": {"id": 0.15344706177711487, "blur": 0.1688919961452484, "normal noise": 0.14133314788341522, "uniform noise": 0.1492084562778473, "laplace noise": 0.15067897737026215, "patch": 0.15893885493278503}}